﻿<?xml version="1.0" encoding="UTF-8" standalone="yes"?>
<addon id="repository.team.expat" name="Team eXpat Repository" version="1.0.9" provider-name="Team-eXpat">
	<extension point="xbmc.addon.repository" name="Demonstration Add-on Repository">
		<info compressed="false">https://cdn.rawgit.com/teamexpat/team.expat/master/addons.xml</info>
		<checksum>https://cdn.rawgit.com/teamexpat/team.expat/master/addons.xml.md5</checksum>
		<datadir zip="true">https://cdn.rawgit.com/teamexpat/team.expat/master/repo</datadir>
	</extension>
	<extension point="xbmc.addon.metadata">
		<summary>Team eXpat Addon</summary>
		<description>Build Addon Installer</description>
		<disclaimer></disclaimer>
		<platform>all</platform>
	</extension>
</addon>
