<?xml version="1.0" encoding="UTF-8" standalone="yes"?>
<addon id="plugin.program.expatwiz" name="[COLOR green][B]Team[/B] eXpat[/COLOR] [COLOR cyan]Wizard[/COLOR]" version="6.0.0" provider-name="[COLOR blue][B]AMO[/B][/COLOR][COLOR green]box[/COLOR]">
  <requires>
    <import addon="xbmc.python" version="2.1.0"/>
	<import addon="script.module.addon.common" />
  </requires>
  <extension point="xbmc.python.pluginsource" library="default.py">
        <provides>executable</provides>
  </extension>
  <extension point="xbmc.addon.metadata">
    <summary lang="en">[COLOR green][B]Team[/B] eXpat[/COLOR] Wizard</summary>
    <description lang="en">[COLOR green][B]Team[/B] eXpat[/COLOR] Wizard provides easy access to [COLOR green][B]Team[/B] eXpat[/COLOR] Builds and Various [B]Maintenance[/B] and [B]Development[/B] functions</description>
    <platform>all</platform>
  </extension>
</addon>
