<?xml version="1.1" encoding="UTF-8" standalone="yes"?>
<addon id="plugin.video.teamexpat"
       name="Team Expat Preview"
       version="1.0"
       provider-name="teamexpat.ninja">
  <requires>
    <import addon="xbmc.python" version="2.1.0"/>
  </requires>
  <extension point="xbmc.python.pluginsource"
            library="default.py">
        <provides>video</provides>
  </extension>
  <extension point="xbmc.addon.metadata">
    <summary lang="en">Team Expat Preview</summary>
    <language>en</language>
    <description lang="en">Team Expat - Bringing you the best in UK and US entertainment, NBA, NHL, NFL, 3PM kickoff, PPV events and more!</description>
     <platform>all</platform>
  </extension>
</addon>
