﻿<?xml version="1.0" encoding="UTF-8" standalone="yes"?>
<addon id="plugin.video.origin" name="Origin" version="4.8.6" provider-name="lambda/[COLOR blue][B]AMO[/B][/COLOR][COLOR green]box[/COLOR]">
	<requires>
		<import addon="xbmc.python" version="2.1.0" />
		<import addon="script.module.pyxbmct" version="1.1.4" />
		<import addon="script.module.requests" version="1.0.0" />
		<import addon="script.module.metahandler" optional="true" />
		<import addon="plugin.video.youtube" optional="true" />
	</requires>
	<extension point="xbmc.python.pluginsource" library="default.py">
		<provides>video</provides>
	</extension>
	<extension point="xbmc.service" library="service.py" start="startup" />
	<extension point="xbmc.addon.metadata">
		<summary lang="en">The [B]Origin[/B]. Genesis with [COLOR red]Download[/COLOR] feature</summary>
		<description lang="en"></description>
		<disclaimer lang="en">The author does not host or distribute any of the content displayed by this addon. The author does not have any affiliation with the content provider.</disclaimer>
		<forum></forum>
		<source>https://offshoregit.com/lambda81/</source>
		<website>http://amoboxwizard.web44.net/</website>
		<platform>all</platform>
	</extension>
</addon>
